날짜,시작,시작시간,종료,종료시간,장소,원인,피해면적(ha),SIG_KOR_NM,경도,위도,피해면적평균
2021-04-26,17:22:00,2021-04-26 17:22,19:30:00,2021-04-26 19:30,경남 함양 옥산,입산자실화,0.1,경남 함양,127.7274194,35.51746944,0.612157
2021-04-25,21:57:00,2021-04-25 21:57,2:48:00,2021-04-25 2:48,경남 합천 외곡,입산자실화,0.3,경남 합천,128.1679306,35.56361667,21.828
2021-04-22,13:45:00,2021-04-22 13:45,14:30:00,2021-04-22 14:30,경남 함양 도천,입산자실화,0.1,경남 함양,127.7274194,35.51746944,0.612157
2021-03-26,12:50:00,2021-03-26 12:50,16:24:00,2021-03-26 16:24,경남 거창 개명,기타,1,경남 거창,127.9116556,35.683625,0.115455
2021-03-25,13:20:00,2021-03-25 13:20,14:40:00,2021-03-25 14:40,경남 창녕 주매,농산부산물소각,0.1,경남 창녕,128.4945333,35.54153611,0.652
2021-03-23,14:01:00,2021-03-23 14:01,15:24:00,2021-03-23 15:24,경남 밀양 도곡,농산부산물소각,0.03,경남 밀양,128.7489444,35.50077778,28.37519
2021-03-10,15:33:00,2021-03-10 15:33,16:55:00,2021-03-10 16:55,경남 통영 도선,농산부산물소각,0.01,경남 통영,128.4352778,34.85125833,0.075455
2021-02-21,17:12:00,2021-02-21 17:12,20:05:00,2021-02-21 20:05,경남 거창 중유,건축물화재비화,0.1,경남 거창,127.9116556,35.683625,0.115455
2021-02-21,14:41:00,2021-02-21 14:41,15:08:00,2021-02-21 15:08,경남 하동 미점,담뱃불실화,10,경남 하동,127.7534306,35.06420278,5.1535
2021-02-21,10:45:00,2021-02-21 10:45,14:30:00,2021-02-21 14:30,경남 하동 비파,기타,0.5,경남 하동,127.7534306,35.06420278,5.1535
2021-02-16,20:24:00,2021-02-16 20:24,21:30:00,2021-02-16 21:30,경남 김해 봉림,기타,0.02,경남 김해,128.8916667,35.22550556,0.324
2021-02-12,15:36:00,2021-02-12 15:36,17:00:00,2021-02-12 17:00,경남 합천 나대,기타,0.02,경남 합천,128.1679306,35.56361667,21.828
2021-02-10,10:37:00,2021-02-10 10:37,11:45:00,2021-02-10 11:45,경남 하동 우계,쓰레기소각,0.01,경남 하동,127.7534306,35.06420278,5.1535
2021-02-09,15:32:00,2021-02-09 15:32,17:20:00,2021-02-09 17:20,경남 하동 우복,농산부산물소각,0.05,경남 하동,127.7534306,35.06420278,5.1535
2021-02-08,11:20:00,2021-02-08 11:20,12:30:00,2021-02-08 12:30,경남 함안 부봉,담뱃불실화,0.01,경남 함안,128.4087083,35.26940556,0.351538
2021-02-06,1:51:00,2021-02-06 1:51,4:30:00,2021-02-06 4:30,경남 양산 내석,건축물화재비화,0.01,경남 양산,129.0394111,35.33192778,0.313824
2021-04-19,11:04:00,2021-04-19 11:04,14:50:00,2021-04-19 14:50,경남 양산 화제,입산자실화,0.08,경남 양산,129.0394111,35.33192778,0.313824
2021-04-19,9:48:00,2021-04-19 9:48,10:30:00,2021-04-19 10:30,경남 김해 의전,기타,0.01,경남 김해,128.8916667,35.22550556,0.324
2021-04-07,13:55:00,2021-04-07 13:55,15:04:00,2021-04-07 15:04,경남 진주 정평,담뱃불실화,0.01,경남 진주,128.11,35.17703333,0.096875
2021-04-02,12:54:00,2021-04-02 12:54,14:00:00,2021-04-02 14:00,경남 창녕 모전,농산부산물소각,0.02,경남 창녕,128.4945333,35.54153611,0.652
2021-12-29,14:20:00,2021-12-29 14:20,17:30:00,2021-12-29 17:30,경남 남해 가인,기타,0.5,경남 남해,127.8924,34.8376,0.142222
2021-12-15,13:09:00,2021-12-15 13:09,13:45:00,2021-12-15 13:45,경남 함양 양백,기타,0.06,경남 함양,127.7274194,35.51746944,0.612157
2021-12-14,15:52:00,2021-12-14 15:52,16:20:00,2021-12-14 16:20,경남 고성 영부,건축물화재비화,0.01,경남 고성,128.3245417,34.9699,0.121765
2021-12-13,15:03:00,2021-12-13 15:03,15:54:00,2021-12-13 15:54,경남 산청 간공,담뱃불실화,0.01,경남 산청,127.8756194,35.41249167,0.393421
2021-12-11,15:20:00,2021-12-11 15:20,17:00:00,2021-12-11 17:00,경남 고성 금산,건축물화재비화,0.04,경남 고성,128.3245417,34.9699,0.121765
2021-12-02,13:30:00,2021-12-02 13:30,15:31:00,2021-12-02 15:31,경남 거제 갈곶,입산자실화,0.03,경남 거제,128.6233556,34.87735833,0.062222222
2021-11-26,12:52:00,2021-11-26 12:52,13:49:00,2021-11-26 13:49,경남 진주 가산,담뱃불실화,0.01,경남 진주,128.11,35.17703333,0.096875
2021-11-23,13:25:00,2021-11-23 13:25,13:50:00,2021-11-23 13:50,경남 김해 신용,기타,0.01,경남 김해,128.8916667,35.22550556,0.324
2021-11-16,11:47:00,2021-11-16 11:47,12:14:00,2021-11-16 12:14,경남 거제 아주,기타,0.01,경남 거제,128.6233556,34.87735833,0.062222
2020-04-06,14:04:00,2020-04-06 14:04,15:25:00,2020-04-06 15:25,경남 밀양 연금,입산자실화,0.2,경남 밀양,128.7489444,35.50077778,28.37519
2020-04-06,13:42:00,2020-04-06 13:42,15:10:00,2020-04-06 15:10,경남 진주 유곡,기타,0.01,경남 진주,128.11,35.17703333,0.096875
2020-04-04,15:48:00,2020-04-04 15:48,16:50:00,2020-04-04 16:50,경남 사천 가산,담뱃불실화,0.06,경남 사천,128.0667778,35.00028333,0.08
2020-04-04,14:50:00,2020-04-04 14:50,15:45:00,2020-04-04 15:45,경남 합천 노양,입산자실화,0.05,경남 합천,128.1679306,35.56361667,21.828
2020-03-25,19:51:00,2020-03-25 19:51,22:00:00,2020-03-25 22:00,경남 양산 석계,입산자실화,0.05,경남 양산,129.0394111,35.33192778,0.313824
2020-03-23,23:22:00,2020-03-23 23:22,2:10:00,2020-03-23 2:10,경남 산청 문대,입산자실화,0.05,경남 산청,127.8756194,35.41249167,0.393421
2021-02-04,13:02:00,2021-02-04 13:02,13:22:00,2021-02-04 13:22,경남 통영 수월,기타,0.01,경남 통영,128.4352778,34.85125833,0.075455
2021-02-03,15:30:00,2021-02-03 15:30,17:00:00,2021-02-03 17:00,경남 고성 영산,건축물화재비화,0.05,경남 고성,128.3245417,34.9699,0.121765
2021-01-29,0:40:00,2021-01-29 0:40,4:00:00,2021-01-29 4:00,경남 합천 덕봉,담뱃불실화,0.1,경남 합천,128.1679306,35.56361667,21.828
2021-01-15,13:45:00,2021-01-15 13:45,15:17:00,2021-01-15 15:17,경남 양산 상삼,쓰레기소각,0.01,경남 양산,129.0394111,35.33192778,0.313824
2021-01-12,14:33:00,2021-01-12 14:33,17:00:00,2021-01-12 17:00,경남 사천 장산,기타,0.3,경남 사천,128.0667778,35.00028333,0.08
2021-01-03,19:42:00,2021-01-03 19:42,15:00:00,2021-01-03 15:00,경남 함양 남호,담뱃불실화,3,경남 함양,127.7274194,35.51746944,0.612157
2021-01-03,13:55:00,2021-01-03 13:55,20:00:00,2021-01-03 20:00,경남 산청 청현,입산자실화,0.05,경남 산청,127.8756194,35.41249167,0.393421
2020-12-14,15:40:00,2020-12-14 15:40,22:00:00,2020-12-14 22:00,경남 창녕 덕곡,건축물화재비화,0.51,경남 창녕,128.4945333,35.54153611,0.652
2020-11-14,15:16:00,2020-11-14 15:16,19:00:00,2020-11-14 19:00,경남 거창 당산,입산자실화,0.06,경남 거창,127.9116556,35.683625,0.115455
2020-11-09,16:37:00,2020-11-09 16:37,19:00:00,2020-11-09 19:00,경남 밀양 춘화,입산자실화,0.01,경남 밀양,128.7489444,35.50077778,28.37519
2020-10-20,16:55:00,2020-10-20 16:55,17:40:00,2020-10-20 17:40,경남 밀양 동산,입산자실화,0.01,경남 밀양,128.7489444,35.50077778,28.37519
2020-10-16,15:40:00,2020-10-16 15:40,17:30:00,2020-10-16 17:30,경남 통영 황,입산자실화,0.01,경남 통영,128.4352778,34.85125833,0.075455
2020-10-10,14:44:00,2020-10-10 14:44,17:00:00,2020-10-10 17:00,경남 사천 탑,쓰레기소각,0.06,경남 사천,128.0667778,35.00028333,0.08
2020-10-07,10:32:00,2020-10-07 10:32,13:45:00,2020-10-07 13:45,경남 밀양 춘화,입산자실화,0.1,경남 밀양,128.7489444,35.50077778,28.37519
2020-06-09,12:00:00,2020-06-09 12:00,22:00:00,2020-06-09 22:00,경남 양산 석산,기타,2,경남 양산,129.0394111,35.33192778,0.313824
2020-06-08,9:32:00,2020-06-08 9:32,12:00:00,2020-06-08 12:00,경남 양산 가산,기타,0.01,경남 양산,129.0394111,35.33192778,0.313824
2020-06-05,14:50:00,2020-06-05 14:50,18:00:00,2020-06-05 18:00,경남 함안 신음,건축물화재비화,0.1,경남 함안,128.4087083,35.26940556,0.351538
2020-06-01,16:31:00,2020-06-01 16:31,19:50:00,2020-06-01 19:50,경남 함양 봉산,농산부산물소각,0.2,경남 함양,127.7274194,35.51746944,0.612157
2020-04-30,5:00:00,2020-04-30 5:00,10:00:00,2020-04-30 10:00,경남 김해 여래,입산자실화,0.06,경남 김해,128.8916667,35.22550556,0.324
2020-04-25,12:21:00,2020-04-25 12:21,16:00:00,2020-04-25 16:00,경남 함양 연덕,기타,0.2,경남 함양,127.7274194,35.51746944,0.612157
2020-04-08,13:21:00,2020-04-08 13:21,9:00:00,2020-04-08 9:00,경남 함양 도천,기타,20,경남 함양,127.7274194,35.51746944,0.612157
2020-03-14,12:14:00,2020-03-14 12:14,13:28:00,2020-03-14 13:28,경남 함양 운서,쓰레기소각,0.08,경남 함양,127.7274194,35.51746944,0.612157
2020-03-03,15:03:00,2020-03-03 15:03,15:40:00,2020-03-03 15:40,경남 거제 구천,입산자실화,0.01,경남 거제,128.6233556,34.87735833,0.062222
2019-12-24,19:56:00,2019-12-24 19:56,23:00:00,2019-12-24 23:00,경남 진주 정평,쓰레기소각,0.05,경남 진주,128.11,35.17703333,0.096875
2019-12-15,13:26:00,2019-12-15 13:26,14:23:00,2019-12-15 14:23,경남 양산 화제,건축물화재비화,0.01,경남 양산,129.0394111,35.33192778,0.313824
2019-12-13,15:06:00,2019-12-13 15:06,16:30:00,2019-12-13 16:30,경남 밀양 대항,건축물화재비화,0.01,경남 밀양,128.7489444,35.50077778,28.37519
2019-11-22,0:02:00,2019-11-22 0:02,7:30:00,2019-11-22 7:30,경남 창녕 구계,기타,0.01,경남 창녕,128.4945333,35.54153611,0.652
2019-11-12,15:06:00,2019-11-12 15:06,17:06:00,2019-11-12 17:06,경남 함양 이전,기타,0.01,경남 함양,127.7274194,35.51746944,0.612157
2019-11-08,16:11:00,2019-11-08 16:11,20:00:00,2019-11-08 20:00,경남 거창 중촌,기타,0.01,경남 거창,127.9116556,35.683625,0.115455
2019-05-13,19:11:00,2019-05-13 19:11,22:25:00,2019-05-13 22:25,경남 함양 황산,기타,0.05,경남 함양,127.7274194,35.51746944,0.612157
2019-05-12,21:16:00,2019-05-12 21:16,23:20:00,2019-05-12 23:20,경남 김해 양동,기타,0.1,경남 김해,128.8916667,35.22550556,0.324
2019-05-06,13:44:00,2019-05-06 13:44,18:00:00,2019-05-06 18:00,경남 하동 범왕,입산자실화,0.05,경남 하동,127.7534306,35.06420278,5.1535
2019-04-23,10:55:00,2019-04-23 10:55,12:10:00,2019-04-23 12:10,경남 밀양 임천,기타,0.01,경남 밀양,128.7489444,35.50077778,28.37519
2019-04-16,17:01:00,2019-04-16 17:01,18:20:00,2019-04-16 18:20,경남 창녕 초곡,입산자실화,0.01,경남 창녕,128.4945333,35.54153611,0.652
2020-02-09,15:48:00,2020-02-09 15:48,16:45:00,2020-02-09 16:45,경남 진주 하곡,건축물화재비화,0.03,경남 진주,128.11,35.17703333,0.096875
2020-02-08,17:50:00,2020-02-08 17:50,18:30:00,2020-02-08 18:30,경남 산청 하정,농산부산물소각,0.01,경남 산청,127.8756194,35.41249167,0.393421
2020-02-06,15:32:00,2020-02-06 15:32,16:29:00,2020-02-06 16:29,경남 통영 금평,담뱃불실화,0.01,경남 통영,128.4352778,34.85125833,0.075455
2020-01-21,13:20:00,2020-01-21 13:20,14:46:00,2020-01-21 14:46,경남 밀양 고례,입산자실화,0.01,경남 밀양,128.7489444,35.50077778,28.37519
2020-03-19,19:49:00,2020-03-19 19:49,22:30:00,2020-03-19 22:30,경남 하동 궁항,담뱃불실화,0.01,경남 하동,127.7534306,35.06420278,5.1535
2020-03-19,16:30:00,2020-03-19 16:30,19:00:00,2020-03-19 19:00,경남 하동 전대,기타,0.02,경남 하동,127.7534306,35.06420278,5.1535
2020-03-19,11:05:00,2020-03-19 11:05,14:20:00,2020-03-19 14:20,경남 밀양 안인,입산자실화,0.5,경남 밀양,128.7489444,35.50077778,28.37519
2020-03-18,13:07:00,2020-03-18 13:07,16:00:00,2020-03-18 16:00,경남 하동 운수,건축물화재비화,0.02,경남 하동,127.7534306,35.06420278,5.1535
2020-03-17,12:55:00,2020-03-17 12:55,13:45:00,2020-03-17 13:45,경남 합천 안금,담뱃불실화,0.01,경남 합천,128.1679306,35.56361667,21.828
2019-01-24,5:27:00,2019-01-24 5:27,6:23:00,2019-01-24 6:23,경남 함양 호신,기타,0.01,경남 함양,127.7274194,35.51746944,0.612157
2019-01-16,21:15:00,2019-01-16 21:15,23:30:00,2019-01-16 23:30,경남 진주 반지,건축물화재비화,0.01,경남 진주,128.11,35.17703333,0.096875
2019-01-10,14:45:00,2019-01-10 14:45,18:00:00,2019-01-10 18:00,경남 합천 하판,입산자실화,0.4,경남 합천,128.1679306,35.56361667,21.828
2019-01-08,22:08:00,2019-01-08 22:08,23:20:00,2019-01-08 23:20,경남 진주 외율,쓰레기소각,0.01,경남 진주,128.11,35.17703333,0.096875
2019-01-06,0:30:00,2019-01-06 0:30,12:50:00,2019-01-06 12:50,경남 김해,입산자실화,1.5,경남 김해,128.8916667,35.22550556,0.324
2018-12-27,10:18:00,2018-12-27 10:18,11:30:00,2018-12-27 11:30,경남 진주 어옥,기타,0.01,경남 진주,128.11,35.17703333,0.096875
2018-12-22,11:45:00,2018-12-22 11:45,14:00:00,2018-12-22 14:00,경남 거제 옥림,입산자실화,0.01,경남 거제,128.6233556,34.87735833,0.062222
2018-11-26,11:49:00,2018-11-26 11:49,13:01:00,2018-11-26 13:01,경남 거제,입산자실화,0.01,경남 거제,128.6233556,34.87735833,0.062222
2018-08-19,9:42:00,2018-08-19 9:42,16:00:00,2018-08-19 16:00,경남 함양 도북,입산자실화,0.01,경남 함양,127.7274194,35.51746944,0.612157
2019-04-06,13:08:00,2019-04-06 13:08,17:00:00,2019-04-06 17:00,경남 진주 자매,쓰레기소각,0.03,경남 진주,128.11,35.17703333,0.096875
2019-04-05,15:57:00,2019-04-05 15:57,16:50:00,2019-04-05 16:50,경남 산청 중촌,담뱃불실화,0.01,경남 산청,127.8756194,35.41249167,0.393421
2019-04-04,15:55:00,2019-04-04 15:55,18:10:00,2019-04-04 18:10,경남 함안 장암,건축물화재비화,0.5,경남 함안,128.4087083,35.26940556,0.351538
2019-04-04,11:22:00,2019-04-04 11:22,12:10:00,2019-04-04 12:10,경남 의령 연,쓰레기소각,0.01,경남 의령,128.2638222,35.31911944,0.503636
2019-04-03,21:19:00,2019-04-03 21:19,0:00:00,2019-04-03 0:00,경남 합천 장전,건축물화재비화,0.05,경남 합천,128.1679306,35.56361667,21.828
2019-04-03,14:50:00,2019-04-03 14:50,16:00:00,2019-04-03 16:00,경남 거창 송정,기타,0.2,경남 거창,127.9116556,35.683625,0.115455
2019-04-03,13:05:00,2019-04-03 13:05,17:40:00,2019-04-03 17:40,경남 거제 연구,입산자실화,0.03,경남 거제,128.6233556,34.87735833,0.062222
2019-04-03,12:29:00,2019-04-03 12:29,16:50:00,2019-04-03 16:50,경남 양산 대,기타,1,경남 양산,129.0394111,35.33192778,0.313824
2019-04-03,12:10:00,2019-04-03 12:10,19:00:00,2019-04-03 19:00,경남 합천 성,기타,0.2,경남 합천,128.1679306,35.56361667,21.828
2019-04-02,15:08:00,2019-04-02 15:08,17:00:00,2019-04-02 17:00,경남 양산 소토,건축물화재비화,0.01,경남 양산,129.0394111,35.33192778,0.313824
2019-04-02,14:16:00,2019-04-02 14:16,15:03:00,2019-04-02 15:03,경남 양산 삼감,기타,0.01,경남 양산,129.0394111,35.33192778,0.313824
2019-04-02,8:12:00,2019-04-02 8:12,14:00:00,2019-04-02 14:00,경남 통영 황지,입산자실화,0.1,경남 통영,128.4352778,34.85125833,0.075455
2019-03-30,13:28:00,2019-03-30 13:28,15:10:00,2019-03-30 15:10,경남 진주 하촌,기타,0.01,경남 진주,128.11,35.17703333,0.096875
2019-03-27,14:44:00,2019-03-27 14:44,12:00:00,2019-03-27 12:00,경남 함안 운시,건축물화재비화,2,경남 함안,128.4087083,35.26940556,0.351538
2019-03-26,19:24:00,2019-03-26 19:24,21:02:00,2019-03-26 21:02,경남 양산 삼감,기타,0.03,경남 양산,129.0394111,35.33192778,0.313824
2019-03-26,16:37:00,2019-03-26 16:37,17:37:00,2019-03-26 17:37,경남 함양 당본,기타,0.03,경남 함양,127.7274194,35.51746944,0.612157
2019-03-26,15:05:00,2019-03-26 15:05,15:39:00,2019-03-26 15:39,경남 합천 매촌,기타,0.01,경남 합천,128.1679306,35.56361667,21.828
2019-03-18,14:30:00,2019-03-18 14:30,16:55:00,2019-03-18 16:55,경남 거제 소동,입산자실화,0.02,경남 거제,128.6233556,34.87735833,0.062222
2019-03-17,21:02:00,2019-03-17 21:02,1:30:00,2019-03-17 1:30,경남 양산 화제,기타,0.1,경남 양산,129.0394111,35.33192778,0.313824
2019-03-16,13:40:00,2019-03-16 13:40,14:50:00,2019-03-16 14:50,경남 함안 외암,기타,0.01,경남 함안,128.4087083,35.26940556,0.351538
2019-03-16,6:15:00,2019-03-16 6:15,8:30:00,2019-03-16 8:30,경남 통영 양지,기타,0.01,경남 통영,128.4352778,34.85125833,0.075455
2019-03-15,15:33:00,2019-03-15 15:33,17:00:00,2019-03-15 17:00,경남 통영 도선,기타,0.1,경남 통영,128.4352778,34.85125833,0.075455
2019-03-15,0:50:00,2019-03-15 0:50,4:35:00,2019-03-15 4:35,경남 거제 소동,입산자실화,0.05,경남 거제,128.6233556,34.87735833,0.062222
2019-03-09,12:10:00,2019-03-09 12:10,13:10:00,2019-03-09 13:10,경남 산청 내곡,쓰레기소각,0.01,경남 산청,127.8756194,35.41249167,0.393421
2019-03-08,15:41:00,2019-03-08 15:41,17:10:00,2019-03-08 17:10,경남 합천 용흥,농산부산물소각,0.1,경남 합천,128.1679306,35.56361667,21.828
2019-03-08,15:19:00,2019-03-08 15:19,17:00:00,2019-03-08 17:00,경남 합천 역평,입산자실화,0.05,경남 합천,128.1679306,35.56361667,21.828
2019-03-07,15:00:00,2019-03-07 15:00,16:30:00,2019-03-07 16:30,경남 거창 둔동,기타,0.01,경남 거창,127.9116556,35.683625,0.115455
2019-03-05,10:48:00,2019-03-05 10:48,12:30:00,2019-03-05 12:30,경남 산청 노은,농산부산물소각,0.01,경남 산청,127.8756194,35.41249167,0.393421
2019-03-02,16:50:00,2019-03-02 16:50,18:50:00,2019-03-02 18:50,경남 거창 봉계,쓰레기소각,0.1,경남 거창,127.9116556,35.683625,0.115455
2019-03-01,15:05:00,2019-03-01 15:05,16:00:00,2019-03-01 16:00,경남 진주 유수,농산부산물소각,0.01,경남 진주,128.11,35.17703333,0.096875
2019-03-01,11:58:00,2019-03-01 11:58,15:00:00,2019-03-01 15:00,경남 밀양 성덕,입산자실화,0.02,경남 밀양,128.7489444,35.50077778,28.37519
2019-02-24,16:01:00,2019-02-24 16:01,17:40:00,2019-02-24 17:40,경남 거제 관포,입산자실화,0.01,경남 거제,128.6233556,34.87735833,0.062222
2019-02-24,14:00:00,2019-02-24 14:00,14:30:00,2019-02-24 14:30,경남 산청 외고,쓰레기소각,0.01,경남 산청,127.8756194,35.41249167,0.393421
2019-02-16,13:31:00,2019-02-16 13:31,15:03:00,2019-02-16 15:03,경남 합천 오도,입산자실화,0.1,경남 합천,128.1679306,35.56361667,21.828
2019-02-09,12:45:00,2019-02-09 12:45,16:00:00,2019-02-09 16:00,경남 산청 내,건축물화재비화,0.1,경남 산청,127.8756194,35.41249167,0.393421
2019-02-09,12:30:00,2019-02-09 12:30,14:20:00,2019-02-09 14:20,경남 함양 양백,건축물화재비화,0.01,경남 함양,127.7274194,35.51746944,0.612157
2019-02-06,15:43:00,2019-02-06 15:43,17:12:00,2019-02-06 17:12,경남 양산 내석,기타,0.05,경남 양산,129.0394111,35.33192778,0.313824
2019-01-30,12:05:00,2019-01-30 12:05,14:20:00,2019-01-30 14:20,경남 하동 용강,건축물화재비화,0.1,경남 하동,127.7534306,35.06420278,5.1535
2019-01-29,15:08:00,2019-01-29 15:08,16:20:00,2019-01-29 16:20,경남 밀양 마산,기타,0.01,경남 밀양,128.7489444,35.50077778,28.37519
2019-01-27,15:08:00,2019-01-27 15:08,18:00:00,2019-01-27 18:00,경남 통영 금평,기타,0.01,경남 통영,128.4352778,34.85125833,0.075455
2019-01-24,16:00:00,2019-01-24 16:00,16:46:00,2019-01-24 16:46,경남 합천 방곡,기타,0.01,경남 합천,128.1679306,35.56361667,21.828
2018-06-23,17:00:00,2018-06-23 17:00,20:00:00,2018-06-23 20:00,경남 함안 덕남,입산자실화,0.02,경남 함안,128.4087083,35.26940556,0.351538
2018-04-30,6:34:00,2018-04-30 6:34,7:50:00,2018-04-30 7:50,경남 사천 감곡,입산자실화,0.02,경남 사천,128.0667778,35.00028333,0.08
2018-04-21,16:15:00,2018-04-21 16:15,21:00:00,2018-04-21 21:00,경남 밀양 고례,건축물화재비화,0.5,경남 밀양,128.7489444,35.50077778,28.37519
2018-03-31,15:49:00,2018-03-31 15:49,18:00:00,2018-03-31 18:00,경남 함양 도천,건축물화재비화,0.02,경남 함양,127.7274194,35.51746944,0.612157
2018-03-30,14:02:00,2018-03-30 14:02,16:00:00,2018-03-30 16:00,경남 고성 미룡,건축물화재비화,0.01,경남 고성,128.3245417,34.9699,0.121765
2018-03-29,15:07:00,2018-03-29 15:07,17:30:00,2018-03-29 17:30,경남 함양 화촌,농산부산물소각,0.1,경남 함양,127.7274194,35.51746944,0.612157
2018-03-28,13:17:00,2018-03-28 13:17,17:00:00,2018-03-28 17:00,경남 합천 회양,건축물화재비화,0.01,경남 합천,128.1679306,35.56361667,21.828
2018-03-28,10:08:00,2018-03-28 10:08,11:00:00,2018-03-28 11:00,경남 거창 용산,입산자실화,0.01,경남 거창,127.9116556,35.683625,0.115455
2018-03-27,16:12:00,2018-03-27 16:12,20:00:00,2018-03-27 20:00,경남 진주 정평,건축물화재비화,0.01,경남 진주,128.11,35.17703333,0.096875
2018-03-26,11:35:00,2018-03-26 11:35,14:20:00,2018-03-26 14:20,경남 밀양 동산,입산자실화,0.2,경남 밀양,128.7489444,35.50077778,28.37519
2018-03-25,15:58:00,2018-03-25 15:58,17:40:00,2018-03-25 17:40,경남 합천 거산,농산부산물소각,0.02,경남 합천,128.1679306,35.56361667,21.828
2018-03-25,14:08:00,2018-03-25 14:08,16:20:00,2018-03-25 16:20,경남 거제 내간,입산자실화,0.02,경남 거제,128.6233556,34.87735833,0.062222
2018-03-14,15:32:00,2018-03-14 15:32,17:00:00,2018-03-14 17:00,경남 거제 소동,입산자실화,0.01,경남 거제,128.6233556,34.87735833,0.062222
2018-03-12,14:11:00,2018-03-12 14:11,16:00:00,2018-03-12 16:00,경남 함안 수곡,건축물화재비화,0.01,경남 함안,128.4087083,35.26940556,0.351538
2018-03-03,17:25:00,2018-03-03 17:25,18:40:00,2018-03-03 18:40,경남 진주 검암,건축물화재비화,0.01,경남 진주,128.11,35.17703333,0.096875
2018-03-03,12:33:00,2018-03-03 12:33,15:00:00,2018-03-03 15:00,경남 함양 운서,건축물화재비화,0.01,경남 함양,127.7274194,35.51746944,0.612157
2018-02-26,14:30:00,2018-02-26 14:30,19:00:00,2018-02-26 19:00,경남 남해 작장,농산부산물소각,0.1,경남 남해,127.8924,34.8376,0.142222
2018-02-26,12:13:00,2018-02-26 12:13,15:00:00,2018-02-26 15:00,경남 진주 신율,입산자실화,0.01,경남 진주,128.11,35.17703333,0.096875
2018-02-25,14:56:00,2018-02-25 14:56,17:50:00,2018-02-25 17:50,경남 산청 대포,건축물화재비화,0.1,경남 산청,127.8756194,35.41249167,0.393421
2018-02-25,7:25:00,2018-02-25 7:25,13:00:00,2018-02-25 13:00,경남 합천 노양,입산자실화,0.2,경남 합천,128.1679306,35.56361667,21.828
2018-02-21,16:29:00,2018-02-21 16:29,9:00:00,2018-02-21 9:00,경남 합천 외사,농산부산물소각,1,경남 합천,128.1679306,35.56361667,21.828
2018-02-21,16:13:00,2018-02-21 16:13,18:00:00,2018-02-21 18:00,경남 합천 손목,쓰레기소각,0.01,경남 합천,128.1679306,35.56361667,21.828
2018-02-20,14:47:00,2018-02-20 14:47,18:00:00,2018-02-20 18:00,경남 고성 보전,건축물화재비화,0.05,경남 고성,128.3245417,34.9699,0.121765
2018-02-20,14:22:00,2018-02-20 14:22,15:46:00,2018-02-20 15:46,경남 김해 덕산,기타,0.01,경남 김해,128.8916667,35.22550556,0.324
2018-02-19,15:18:00,2018-02-19 15:18,21:00:00,2018-02-19 21:00,경남 합천 앙진,입산자실화,0.03,경남 합천,128.1679306,35.56361667,21.828
2018-02-17,15:35:00,2018-02-17 15:35,17:40:00,2018-02-17 17:40,경남 김해 대감,기타,0.1,경남 김해,128.8916667,35.22550556,0.324
2018-02-16,12:13:00,2018-02-16 12:13,12:45:00,2018-02-16 12:45,경남 합천 서산,기타,0.01,경남 합천,128.1679306,35.56361667,21.828
2018-02-15,15:06:00,2018-02-15 15:06,16:00:00,2018-02-15 16:00,경남 양산 소토,기타,0.02,경남 양산,129.0394111,35.33192778,0.313824
2018-02-15,14:40:00,2018-02-15 14:40,17:10:00,2018-02-15 17:10,경남 거제 옥림,입산자실화,0.15,경남 거제,128.6233556,34.87735833,0.062222
2018-02-15,14:13:00,2018-02-15 14:13,15:00:00,2018-02-15 15:00,경남 함양 호산,담뱃불실화,0.01,경남 함양,127.7274194,35.51746944,0.612157
2018-02-13,10:28:00,2018-02-13 10:28,11:40:00,2018-02-13 11:40,경남 김해,입산자실화,0.01,경남 김해,128.8916667,35.22550556,0.324
2018-02-12,3:12:00,2018-02-12 3:12,5:30:00,2018-02-12 5:30,경남 창녕 옥천,입산자실화,0.01,경남 창녕,128.4945333,35.54153611,0.652
2018-02-10,23:47:00,2018-02-10 23:47,11:00:00,2018-02-10 11:00,경남 고성 어신,입산자실화,1.5,경남 고성,128.3245417,34.9699,0.121765
2018-02-10,0:29:00,2018-02-10 0:29,2:15:00,2018-02-10 2:15,경남 창녕 장가,입산자실화,0.01,경남 창녕,128.4945333,35.54153611,0.652
2018-02-09,14:20:00,2018-02-09 14:20,16:00:00,2018-02-09 16:00,경남 진주 유곡,쓰레기소각,0.03,경남 진주,128.11,35.17703333,0.096875
2018-02-07,3:37:00,2018-02-07 3:37,18:00:00,2018-02-07 18:00,경남 양산 원,입산자실화,1.2,경남 양산,129.0394111,35.33192778,0.313824
2018-02-06,8:27:00,2018-02-06 8:27,18:00:00,2018-02-06 18:00,경남 진주 정평,건축물화재비화,0.05,경남 진주,128.11,35.17703333,0.096875
2018-02-04,12:31:00,2018-02-04 12:31,14:26:00,2018-02-04 14:26,경남 거제 가배,입산자실화,0.01,경남 거제,128.6233556,34.87735833,0.062222
2018-01-30,12:51:00,2018-01-30 12:51,18:00:00,2018-01-30 18:00,경남 합천 황계,농산부산물소각,0.02,경남 합천,128.1679306,35.56361667,21.828
2018-01-27,13:40:00,2018-01-27 13:40,14:20:00,2018-01-27 14:20,경남 합천 무곡,입산자실화,0.02,경남 합천,128.1679306,35.56361667,21.828
2018-01-26,13:20:00,2018-01-26 13:20,15:10:00,2018-01-26 15:10,경남 통영 우동,건축물화재비화,0.01,경남 통영,128.4352778,34.85125833,0.075455
2018-04-20,17:40:00,2018-04-20 17:40,19:20:00,2018-04-20 19:20,경남 남해 동천,농산부산물소각,0.02,경남 남해,127.8924,34.8376,0.142222
2018-04-20,16:59:00,2018-04-20 16:59,18:00:00,2018-04-20 18:00,경남 함양 광평,입산자실화,0.01,경남 함양,127.7274194,35.51746944,0.612157
2018-04-20,14:22:00,2018-04-20 14:22,19:00:00,2018-04-20 19:00,경남 김해 선지,건축물화재비화,0.3,경남 김해,128.8916667,35.22550556,0.324
2018-04-19,10:19:00,2018-04-19 10:19,12:30:00,2018-04-19 12:30,경남 합천 무곡,입산자실화,0.01,경남 합천,128.1679306,35.56361667,21.828
2018-04-18,13:21:00,2018-04-18 13:21,16:00:00,2018-04-18 16:00,경남 합천 율진,농산부산물소각,0.03,경남 합천,128.1679306,35.56361667,21.828
2018-04-11,19:00:00,2018-04-11 19:00,21:00:00,2018-04-11 21:00,경남 김해,건축물화재비화,0.02,경남 김해,128.8916667,35.22550556,0.324
2018-08-08,12:14:00,2018-08-08 12:14,16:00:00,2018-08-08 16:00,경남 고성 대평,건축물화재비화,0.05,경남 고성,128.3245417,34.9699,0.121765
2018-08-04,10:24:00,2018-08-04 10:24,14:00:00,2018-08-04 14:00,경남 산청 사정,입산자실화,0.01,경남 산청,127.8756194,35.41249167,0.393421
2018-08-02,15:19:00,2018-08-02 15:19,18:00:00,2018-08-02 18:00,경남 합천 황계,입산자실화,0.01,경남 합천,128.1679306,35.56361667,21.828
2018-06-25,9:28:00,2018-06-25 9:28,10:10:00,2018-06-25 10:10,경남 함양 손곡,입산자실화,0.02,경남 함양,127.7274194,35.51746944,0.612157
2018-06-24,15:25:00,2018-06-24 15:25,17:00:00,2018-06-24 17:00,경남 밀양 퇴로,입산자실화,0.02,경남 밀양,128.7489444,35.50077778,28.37519
2018-06-24,12:53:00,2018-06-24 12:53,17:00:00,2018-06-24 17:00,경남 거창 수원,입산자실화,0.03,경남 거창,127.9116556,35.683625,0.115455
2017-04-15,17:20:00,2017-04-15 17:20,18:30:00,2017-04-15 18:30,경남 합천 서산,입산자실화,0.1,경남 합천,128.1679306,35.56361667,21.828
2017-04-15,11:07:00,2017-04-15 11:07,12:10:00,2017-04-15 12:10,경남 양산 대석,입산자실화,0.01,경남 양산,129.0394111,35.33192778,0.313824
2017-04-04,11:47:00,2017-04-04 11:47,14:15:00,2017-04-04 14:15,경남 진주 안간,쓰레기소각,0.05,경남 진주,128.11,35.17703333,0.096875
2017-04-03,16:25:00,2017-04-03 16:25,17:25:00,2017-04-03 17:25,경남 양산 가산,입산자실화,0.01,경남 양산,129.0394111,35.33192778,0.313824
2018-01-06,15:50:00,2018-01-06 15:50,18:45:00,2018-01-06 18:45,경남 고성 월흥,건축물화재비화,0.02,경남 고성,128.3245417,34.9699,0.121765
2018-01-06,5:27:00,2018-01-06 5:27,6:50:00,2018-01-06 6:50,경남 산청 유평,입산자실화,0.01,경남 산청,127.8756194,35.41249167,0.393421
2017-12-31,14:22:00,2017-12-31 14:22,15:30:00,2017-12-31 15:30,경남 합천 삼,기타,0.02,경남 합천,128.1679306,35.56361667,21.828
2017-12-24,0:14:00,2017-12-24 0:14,3:35:00,2017-12-24 3:35,경남 하동 전대,입산자실화,0.01,경남 하동,127.7534306,35.06420278,5.1535
2017-12-23,20:45:00,2017-12-23 20:45,0:00:00,2017-12-23 0:00,경남 함안 무릉,입산자실화,0.02,경남 함안,128.4087083,35.26940556,0.351538
2017-12-23,6:15:00,2017-12-23 6:15,9:30:00,2017-12-23 9:30,경남 거제 탑포,입산자실화,0.01,경남 거제,128.6233556,34.87735833,0.062222
2017-12-22,16:10:00,2017-12-22 16:10,19:30:00,2017-12-22 19:30,경남 김해,입산자실화,0.05,경남 김해,128.8916667,35.22550556,0.324
2017-12-19,11:43:00,2017-12-19 11:43,11:45:00,2017-12-19 11:45,경남 합천 앙진,입산자실화,0.05,경남 합천,128.1679306,35.56361667,21.828
2017-12-17,15:40:00,2017-12-17 15:40,17:00:00,2017-12-17 17:00,경남 산청 간공,기타,0.01,경남 산청,127.8756194,35.41249167,0.393421
2017-12-17,14:11:00,2017-12-17 14:11,14:45:00,2017-12-17 14:45,경남 창녕 석,쓰레기소각,0.01,경남 창녕,128.4945333,35.54153611,0.652
2017-12-15,15:35:00,2017-12-15 15:35,22:30:00,2017-12-15 22:30,경남 창녕 성내,쓰레기소각,0.5,경남 창녕,128.4945333,35.54153611,0.652
2017-12-13,14:33:00,2017-12-13 14:33,15:30:00,2017-12-13 15:30,경남 거창 학,입산자실화,0.01,경남 거창,127.9116556,35.683625,0.115455
2017-12-05,6:31:00,2017-12-05 6:31,16:00:00,2017-12-05 16:00,경남 산청 신천,건축물화재비화,5,경남 산청,127.8756194,35.41249167,0.393421
2017-12-03,13:26:00,2017-12-03 13:26,14:56:00,2017-12-03 14:56,경남 남해 평현,입산자실화,0.01,경남 남해,127.8924,34.8376,0.142222
2017-11-30,15:26:00,2017-11-30 15:26,16:20:00,2017-11-30 16:20,경남 거창 춘전,기타,0.01,경남 거창,127.9116556,35.683625,0.115455
2017-11-30,14:51:00,2017-11-30 14:51,16:48:00,2017-11-30 16:48,경남 창녕 수개,쓰레기소각,0.01,경남 창녕,128.4945333,35.54153611,0.652
2017-11-30,10:38:00,2017-11-30 10:38,12:20:00,2017-11-30 12:20,경남 창녕 효정,쓰레기소각,0.01,경남 창녕,128.4945333,35.54153611,0.652
2017-11-29,13:10:00,2017-11-29 13:10,14:50:00,2017-11-29 14:50,경남 진주 용산,담뱃불실화,0.01,경남 진주,128.11,35.17703333,0.096875
2017-11-25,16:04:00,2017-11-25 16:04,17:30:00,2017-11-25 17:30,경남 산청 대현,기타,0.01,경남 산청,127.8756194,35.41249167,0.393421
2017-11-22,4:50:00,2017-11-22 4:50,11:05:00,2017-11-22 11:05,경남 산청 대현,기타,0.5,경남 산청,127.8756194,35.41249167,0.393421
2017-11-21,11:23:00,2017-11-21 11:23,12:10:00,2017-11-21 12:10,경남 함양 대남,쓰레기소각,0.01,경남 함양,127.7274194,35.51746944,0.612157
2017-11-15,15:20:00,2017-11-15 15:20,18:00:00,2017-11-15 18:00,경남 합천 손목,입산자실화,0.03,경남 합천,128.1679306,35.56361667,21.828
2017-11-08,21:38:00,2017-11-08 21:38,23:30:00,2017-11-08 23:30,경남 산청 대현,입산자실화,0.1,경남 산청,127.8756194,35.41249167,0.393421
2017-10-31,11:07:00,2017-10-31 11:07,12:10:00,2017-10-31 12:10,경남 창녕 세진,입산자실화,0.01,경남 창녕,128.4945333,35.54153611,0.652
2017-09-30,14:16:00,2017-09-30 14:16,16:10:00,2017-09-30 16:10,경남 산청 가계,쓰레기소각,0.01,경남 산청,127.8756194,35.41249167,0.393421
2017-09-26,14:10:00,2017-09-26 14:10,16:30:00,2017-09-26 16:30,경남 합천 중촌,입산자실화,0.01,경남 합천,128.1679306,35.56361667,21.828
2017-07-28,16:28:00,2017-07-28 16:28,19:21:00,2017-07-28 19:21,경남 진주 용아,기타,0.1,경남 진주,128.11,35.17703333,0.096875
2017-07-22,9:00:00,2017-07-22 9:00,18:00:00,2017-07-22 18:00,경남 양산,기타,0.5,경남 양산,129.0394111,35.33192778,0.313824
2017-06-25,15:04:00,2017-06-25 15:04,16:40:00,2017-06-25 16:40,경남 산청 가계,쓰레기소각,0.3,경남 산청,127.8756194,35.41249167,0.393421
2017-06-22,14:39:00,2017-06-22 14:39,16:35:00,2017-06-22 16:35,경남 합천 대부,농산부산물소각,0.05,경남 합천,128.1679306,35.56361667,21.828
2017-06-18,18:33:00,2017-06-18 18:33,21:30:00,2017-06-18 21:30,경남 합천 두곡,농산부산물소각,0.1,경남 합천,128.1679306,35.56361667,21.828
2017-06-17,16:50:00,2017-06-17 16:50,21:50:00,2017-06-17 21:50,경남 창녕 우강,쓰레기소각,0.5,경남 창녕,128.4945333,35.54153611,0.652
2017-06-16,5:00:00,2017-06-16 5:00,9:30:00,2017-06-16 9:30,경남 합천 인곡,농산부산물소각,0.15,경남 합천,128.1679306,35.56361667,21.828
2017-05-28,14:50:00,2017-05-28 14:50,18:30:00,2017-05-28 18:30,경남 산청 상법,입산자실화,0.02,경남 산청,127.8756194,35.41249167,0.393421
2017-05-23,16:00:00,2017-05-23 16:00,18:00:00,2017-05-23 18:00,경남 고성 양촌,입산자실화,0.01,경남 고성,128.3245417,34.9699,0.121765
2017-05-03,14:20:00,2017-05-03 14:20,15:40:00,2017-05-03 15:40,경남 거창 중촌,입산자실화,0.01,경남 거창,127.9116556,35.683625,0.115455
2017-04-30,14:50:00,2017-04-30 14:50,17:30:00,2017-04-30 17:30,경남 함양 내백,입산자실화,0.05,경남 함양,127.7274194,35.51746944,0.612157
2017-03-14,11:55:00,2017-03-14 11:55,15:00:00,2017-03-14 15:00,경남 고성 북평,입산자실화,0.02,경남 고성,128.3245417,34.9699,0.121765
2017-03-13,14:32:00,2017-03-13 14:32,15:30:00,2017-03-13 15:30,경남 하동 지례,담뱃불실화,0.05,경남 하동,127.7534306,35.06420278,5.1535
2017-03-13,9:50:00,2017-03-13 9:50,11:20:00,2017-03-13 11:20,경남 함양 목현,담뱃불실화,0.05,경남 함양,127.7274194,35.51746944,0.612157
2017-03-11,12:40:00,2017-03-11 12:40,14:00:00,2017-03-11 14:00,경남 하동 신기,건축물화재비화,0.01,경남 하동,127.7534306,35.06420278,5.1535
2017-02-14,15:24:00,2017-02-14 15:24,16:30:00,2017-02-14 16:30,경남 양산 내석,기타,0.01,경남 양산,129.0394111,35.33192778,0.313824
2017-02-12,13:23:00,2017-02-12 13:23,14:25:00,2017-02-12 14:25,경남 산청 향양,입산자실화,0.2,경남 산청,127.8756194,35.41249167,0.393421
2017-02-07,13:45:00,2017-02-07 13:45,14:40:00,2017-02-07 14:40,경남 함양 죽산,농산부산물소각,0.01,경남 함양,127.7274194,35.51746944,0.612157
2017-02-04,19:50:00,2017-02-04 19:50,20:30:00,2017-02-04 20:30,경남 거제 망치,기타,0.01,경남 거제,128.6233556,34.87735833,0.062222
2017-02-04,15:45:00,2017-02-04 15:45,17:00:00,2017-02-04 17:00,경남 밀양 가례,입산자실화,0.01,경남 밀양,128.7489444,35.50077778,28.37519
2017-02-03,10:50:00,2017-02-03 10:50,11:50:00,2017-02-03 11:50,경남 함양 연덕,농산부산물소각,0.01,경남 함양,127.7274194,35.51746944,0.612157
2017-01-27,14:23:00,2017-01-27 14:23,15:30:00,2017-01-27 15:30,경남 의령 막곡,쓰레기소각,0.01,경남 의령,128.2638222,35.31911944,0.503636
2017-01-27,11:05:00,2017-01-27 11:05,12:50:00,2017-01-27 12:50,경남 진주 당촌,쓰레기소각,0.01,경남 진주,128.11,35.17703333,0.096875
2017-01-26,15:00:00,2017-01-26 15:00,16:00:00,2017-01-26 16:00,경남 함양 경백,기타,0.01,경남 함양,127.7274194,35.51746944,0.612157
2017-01-26,14:00:00,2017-01-26 14:00,15:00:00,2017-01-26 15:00,경남 밀양 인산,쓰레기소각,0.3,경남 밀양,128.7489444,35.50077778,28.37519
2017-01-25,12:35:00,2017-01-25 12:35,13:40:00,2017-01-25 13:40,경남 거창 고학,농산부산물소각,0.1,경남 거창,127.9116556,35.683625,0.115455
2017-01-20,10:10:00,2017-01-20 10:10,11:50:00,2017-01-20 11:50,경남 거제,입산자실화,0.05,경남 거제,128.6233556,34.87735833,0.062222
2016-08-24,15:05:00,2016-08-24 15:05,18:00:00,2016-08-24 18:00,경남 산청 입석,입산자실화,0.05,경남 산청,127.8756194,35.41249167,0.393421
2016-04-01,14:55:00,2016-04-01 14:55,17:00:00,2016-04-01 17:00,경남 통영 읍덕,기타,0.06,경남 통영,128.4352778,34.85125833,0.075455
2016-04-01,14:25:00,2016-04-01 14:25,18:50:00,2016-04-01 18:50,경남 남해 율도,담뱃불실화,0.05,경남 남해,127.8924,34.8376,0.142222
2016-03-31,20:38:00,2016-03-31 20:38,22:42:00,2016-03-31 22:42,경남 거창 무촌,기타,0.05,경남 거창,127.9116556,35.683625,0.115455
2017-02-19,23:24:00,2017-02-19 23:24,3:00:00,2017-02-19 3:00,경남 거제 어온,기타,0.15,경남 거제,128.6233556,34.87735833,0.062222
2017-02-16,11:05:00,2017-02-16 11:05,11:50:00,2017-02-16 11:50,경남 의령 외조,기타,0.01,경남 의령,128.2638222,35.31911944,0.503636
2017-02-15,14:15:00,2017-02-15 14:15,15:10:00,2017-02-15 15:10,경남 의령 외조,기타,0.01,경남 의령,128.2638222,35.31911944,0.503636
2017-03-19,13:00:00,2017-03-19 13:00,15:00:00,2017-03-19 15:00,경남 밀양 범도,쓰레기소각,0.2,경남 밀양,128.7489444,35.50077778,28.37519
2017-03-17,13:25:00,2017-03-17 13:25,14:35:00,2017-03-17 14:35,경남 합천 삼,농산부산물소각,0.02,경남 합천,128.1679306,35.56361667,21.828
2016-03-29,5:12:00,2016-03-29 5:12,8:00:00,2016-03-29 8:00,경남 함양 월평,기타,0.5,경남 함양,127.7274194,35.51746944,0.612157
2016-03-28,14:20:00,2016-03-28 14:20,17:27:00,2016-03-28 17:27,경남 거창 개명,농산부산물소각,0.5,경남 거창,127.9116556,35.683625,0.115455
2016-03-21,15:00:00,2016-03-21 15:00,16:10:00,2016-03-21 16:10,경남 함양 귀곡,농산부산물소각,0.03,경남 함양,127.7274194,35.51746944,0.612157
2016-03-03,15:00:00,2016-03-03 15:00,16:00:00,2016-03-03 16:00,경남 사천 본촌,농산부산물소각,0.05,경남 사천,128.0667778,35.00028333,0.08
2016-02-26,13:30:00,2016-02-26 13:30,14:00:00,2016-02-26 14:00,경남 고성 두포,쓰레기소각,0.03,경남 고성,128.3245417,34.9699,0.121765
2016-02-20,20:50:00,2016-02-20 20:50,23:30:00,2016-02-20 23:30,경남 창녕 방,쓰레기소각,0.3,경남 창녕,128.4945333,35.54153611,0.652
2024-03-20,1:20:00,2024-03-20 1:20,7:20:00,2024-03-20 7:20,경남 양산 내포,기타,0.3,경남 양산,129.0394111,35.33192778,0.313824
2024-03-18,14:30:00,2024-03-18 14:30,15:50:00,2024-03-18 15:50,경남 거창 산포,농산부산물소각,0.1,경남 거창,127.9116556,35.683625,0.115455
2024-03-16,12:04:00,2024-03-16 12:04,13:00:00,2024-03-16 13:00,경남 산청 길,기타,0.03,경남 산청,127.8756194,35.41249167,0.393421
2024-03-21,14:32:00,2024-03-21 14:32,17:06:00,2024-03-21 17:06,경남 거제 옥산,입산자실화,0.02,경남 거제,128.6233556,34.87735833,0.062222
2023-04-14,13:11:00,2023-04-14 13:11,13:54:00,2023-04-14 13:54,경남 함양 옥매,담뱃불실화,0.04,경남 함양,127.7274194,35.51746944,0.612157
2023-04-13,13:43:00,2023-04-13 13:43,15:10:00,2023-04-13 15:10,경남 함양 황산,기타,0.03,경남 함양,127.7274194,35.51746944,0.612157
2023-05-12,13:48:00,2023-05-12 13:48,15:30:00,2023-05-12 15:30,경남 합천 죽전,입산자실화,0.01,경남 합천,128.1679306,35.56361667,21.828
2023-12-07,9:17:00,2023-12-07 9:17,11:30:00,2023-12-07 11:30,경남 고성 외산,입산자실화,0.01,경남 고성,128.3245417,34.9699,0.121765
2023-11-28,10:29:00,2023-11-28 10:29,12:30:00,2023-11-28 12:30,경남 밀양 덕산,건축물화재비화,0.01,경남 밀양,128.7489444,35.50077778,28.37519
2023-11-13,8:58:00,2023-11-13 8:58,11:00:00,2023-11-13 11:00,경남 김해 예안,입산자실화,0.01,경남 김해,128.8916667,35.22550556,0.324
2023-03-14,14:49:00,2023-03-14 14:49,17:00:00,2023-03-14 17:00,경남 거제 상둔,입산자실화,0.04,경남 거제,128.6233556,34.87735833,0.062222
2023-03-12,3:56:00,2023-03-12 3:56,8:51:00,2023-03-12 8:51,경남 하동 위태,건축물화재비화,0.5,경남 하동,127.7534306,35.06420278,5.1535
2023-03-10,15:57:00,2023-03-10 15:57,16:42:00,2023-03-10 16:42,경남 함양 원산,입산자실화,0.01,경남 함양,127.7274194,35.51746944,0.612157
2023-03-03,14:16:00,2023-03-03 14:16,15:35:00,2023-03-03 15:35,경남 김해 어방,입산자실화,0.03,경남 김해,128.8916667,35.22550556,0.324
2023-02-27,17:01:00,2023-02-27 17:01,2:30:00,2023-02-27 2:30,경남 창녕 반포,농산부산물소각,8,경남 창녕,128.4945333,35.54153611,0.652
2023-02-27,12:35:00,2023-02-27 12:35,14:27:00,2023-02-27 14:27,경남 함안 오곡,농산부산물소각,0.15,경남 함안,128.4087083,35.26940556,0.351538
2023-02-23,16:18:00,2023-02-23 16:18,17:50:00,2023-02-23 17:50,경남 의령 오목,농산부산물소각,0.5,경남 의령,128.2638222,35.31911944,0.503636
2023-02-08,13:17:00,2023-02-08 13:17,17:00:00,2023-02-08 17:00,경남 진주 사곡,입산자실화,0.5,경남 진주,128.11,35.17703333,0.096875
2023-02-05,20:16:00,2023-02-05 20:16,21:40:00,2023-02-05 21:40,경남 진주 망경,기타,0.01,경남 진주,128.11,35.17703333,0.096875
2023-02-05,20:11:00,2023-02-05 20:11,21:35:00,2023-02-05 21:35,경남 양산 용당,기타,0.02,경남 양산,129.0394111,35.33192778,0.313824
2023-02-05,18:37:00,2023-02-05 18:37,19:50:00,2023-02-05 19:50,경남 함양 운산,쓰레기소각,0.01,경남 함양,127.7274194,35.51746944,0.612157
2023-02-05,15:00:00,2023-02-05 15:00,15:51:00,2023-02-05 15:51,경남 김해 죽곡,기타,0.1,경남 김해,128.8916667,35.22550556,0.324
2023-04-02,17:19:00,2023-04-02 17:19,18:10:00,2023-04-02 18:10,경남 함양 당본,입산자실화,0.02,경남 함양,127.7274194,35.51746944,0.612157
2023-01-13,2:16:00,2023-01-13 2:16,6:30:00,2023-01-13 6:30,경남 김해 금곡,기타,0.1,경남 김해,128.8916667,35.22550556,0.324
2023-01-10,13:55:00,2023-01-10 13:55,15:20:00,2023-01-10 15:20,경남 고성 두포,기타,0.05,경남 고성,128.3245417,34.9699,0.121765
2023-01-29,10:58:00,2023-01-29 10:58,18:00:00,2023-01-29 18:00,경남 양산 용당,쓰레기소각,0.1,경남 양산,129.0394111,35.33192778,0.313824
2023-01-23,12:35:00,2023-01-23 12:35,14:00:00,2023-01-23 14:00,경남 함양 이은,건축물화재비화,0.06,경남 함양,127.7274194,35.51746944,0.612157
2023-01-21,13:19:00,2023-01-21 13:19,17:00:00,2023-01-21 17:00,경남 거제 연사,농산부산물소각,0.03,경남 거제,128.6233556,34.87735833,0.062222
2023-04-01,11:22:00,2023-04-01 11:22,13:40:00,2023-04-01 13:40,경남 산청 대포,입산자실화,0.1,경남 산청,127.8756194,35.41249167,0.393421
2023-04-24,16:49:00,2023-04-24 16:49,18:00:00,2023-04-24 18:00,경남 양산 화제,입산자실화,0.06,경남 양산,129.0394111,35.33192778,0.313824
2023-04-24,13:34:00,2023-04-24 13:34,14:39:00,2023-04-24 14:39,경남 진주 대곡,쓰레기소각,0.05,경남 진주,128.11,35.17703333,0.096875
2022-04-01,13:46:00,2022-04-01 13:46,14:59:00,2022-04-01 14:59,경남 사천 화암,기타,0.01,경남 사천,128.0667778,35.00028333,0.08
2022-03-29,14:51:00,2022-03-29 14:51,16:15:00,2022-03-29 16:15,경남 사천 자혜,농산부산물소각,0.05,경남 사천,128.0667778,35.00028333,0.08
2022-03-27,22:30:00,2022-03-27 22:30,0:50:00,2022-03-27 0:50,경남 창녕 가항,건축물화재비화,0.1,경남 창녕,128.4945333,35.54153611,0.652
2022-03-24,12:43:00,2022-03-24 12:43,14:55:00,2022-03-24 14:55,경남 의령 덕교,농산부산물소각,0.3,경남 의령,128.2638222,35.31911944,0.503636
2022-03-12,21:39:00,2022-03-12 21:39,1:31:00,2022-03-12 1:31,경남 김해 선지,입산자실화,0.2,경남 김해,128.8916667,35.22550556,0.324
2022-03-12,7:52:00,2022-03-12 7:52,13:37:00,2022-03-12 13:37,경남 산청 내대,기타,3.8,경남 산청,127.8756194,35.41249167,0.393421
2022-03-09,14:17:00,2022-03-09 14:17,16:12:00,2022-03-09 16:12,경남 창녕 간상,농산부산물소각,0.1,경남 창녕,128.4945333,35.54153611,0.652
2022-03-06,17:54:00,2022-03-06 17:54,18:15:00,2022-03-06 18:15,경남 사천 구암,농산부산물소각,0.01,경남 사천,128.0667778,35.00028333,0.08
2022-03-06,16:40:00,2022-03-06 16:40,18:30:00,2022-03-06 18:30,경남 남해 무림,기타,0.1,경남 남해,127.8924,34.8376,0.142222
2022-03-06,14:02:00,2022-03-06 14:02,16:40:00,2022-03-06 16:40,경남 산청 길,기타,0.5,경남 산청,127.8756194,35.41249167,0.393421
2022-03-06,10:42:00,2022-03-06 10:42,12:00:00,2022-03-06 12:00,경남 함양 운곡,입산자실화,0.01,경남 함양,127.7274194,35.51746944,0.612157
2022-03-05,16:24:00,2022-03-05 16:24,17:40:00,2022-03-05 17:40,경남 밀양 모로,쓰레기소각,0.01,경남 밀양,128.7489444,35.50077778,28.37519
2022-03-05,14:00:00,2022-03-05 14:00,15:49:00,2022-03-05 15:49,경남 거창 양평,입산자실화,0.1,경남 거창,127.9116556,35.683625,0.115455
2022-03-05,5:10:00,2022-03-05 5:10,10:35:00,2022-03-05 10:35,경남 양산 석계,건축물화재비화,0.5,경남 양산,129.0394111,35.33192778,0.313824
2022-03-04,21:54:00,2022-03-04 21:54,9:03:00,2022-03-04 9:03,경남 함양 가흥,입산자실화,3,경남 함양,127.7274194,35.51746944,0.612157
2022-02-28,14:20:00,2022-02-28 14:20,18:00:00,2022-02-28 18:00,경남 합천 노양,입산자실화,813.89,경남 합천,128.1679306,35.56361667,21.828
2023-02-01,14:00:00,2023-02-01 14:00,21:30:00,2023-02-01 21:30,경남 함안 장암,쓰레기소각,1.5,경남 함안,128.4087083,35.26940556,0.351538
2023-01-09,19:41:00,2023-01-09 19:41,20:35:00,2023-01-09 20:35,경남 합천 방곡,기타,0.1,경남 합천,128.1679306,35.56361667,21.828
2023-04-12,5:31:00,2023-04-12 5:31,9:40:00,2023-04-12 9:40,경남 양산 원,입산자실화,0.3,경남 양산,129.0394111,35.33192778,0.313824
2023-04-23,10:24:00,2023-04-23 10:24,12:13:00,2023-04-23 12:13,경남 거제 소랑,쓰레기소각,0.01,경남 거제,128.6233556,34.87735833,0.062222
2023-06-18,16:39:00,2023-06-18 16:39,19:40:00,2023-06-18 19:40,경남 함안 사촌,입산자실화,0.05,경남 함안,128.4087083,35.26940556,0.351538
2023-06-14,13:52:00,2023-06-14 13:52,17:00:00,2023-06-14 17:00,경남 하동 삼신,입산자실화,0.03,경남 하동,127.7534306,35.06420278,5.1535
2023-01-24,6:05:00,2023-01-24 6:05,8:30:00,2023-01-24 8:30,경남 산청 지막,입산자실화,0.01,경남 산청,127.8756194,35.41249167,0.393421
2022-02-25,21:03:00,2022-02-25 21:03,23:00:00,2022-02-25 23:00,경남 함양 창원,기타,0.1,경남 함양,127.7274194,35.51746944,0.612157
2022-02-25,14:25:00,2022-02-25 14:25,23:00:00,2022-02-25 23:00,경남 함양 죽림,입산자실화,1.5,경남 함양,127.7274194,35.51746944,0.612157
2022-02-23,16:40:00,2022-02-23 16:40,17:47:00,2022-02-23 17:47,경남 사천 구암,건축물화재비화,0.3,경남 사천,128.0667778,35.00028333,0.08
2022-02-20,7:06:00,2022-02-20 7:06,8:07:00,2022-02-20 8:07,경남 거제 연구,입산자실화,0.07,경남 거제,128.6233556,34.87735833,0.062222
2022-12-27,15:35:00,2022-12-27 15:35,17:10:00,2022-12-27 17:10,경남 산청 제보,건축물화재비화,0.06,경남 산청,127.8756194,35.41249167,0.393421
2022-12-26,14:12:00,2022-12-26 14:12,15:10:00,2022-12-26 15:10,경남 고성 수양,건축물화재비화,0.05,경남 고성,128.3245417,34.9699,0.121765
2022-12-26,5:55:00,2022-12-26 5:55,6:50:00,2022-12-26 6:50,경남 고성 연지,건축물화재비화,0.06,경남 고성,128.3245417,34.9699,0.121765
2022-12-24,15:14:00,2022-12-24 15:14,17:00:00,2022-12-24 17:00,경남 남해 송정,입산자실화,0.1,경남 남해,127.8924,34.8376,0.142222
2022-12-19,9:44:00,2022-12-19 9:44,10:42:00,2022-12-19 10:42,경남 함양 황산,입산자실화,0.03,경남 함양,127.7274194,35.51746944,0.612157
2022-12-15,18:51:00,2022-12-15 18:51,20:25:00,2022-12-15 20:25,경남 진주 가좌,입산자실화,0.01,경남 진주,128.11,35.17703333,0.096875
2022-12-08,18:24:00,2022-12-08 18:24,22:00:00,2022-12-08 22:00,경남 양산 용당,입산자실화,0.2,경남 양산,129.0394111,35.33192778,0.313824
2022-12-07,21:52:00,2022-12-07 21:52,23:50:00,2022-12-07 23:50,경남 함양 원산,건축물화재비화,0.01,경남 함양,127.7274194,35.51746944,0.612157
2022-12-06,13:01:00,2022-12-06 13:01,14:30:00,2022-12-06 14:30,경남 함양 유평,기타,0.01,경남 함양,127.7274194,35.51746944,0.612157
2022-12-05,18:59:00,2022-12-05 18:59,20:36:00,2022-12-05 20:36,경남 남해 대벽,입산자실화,0.1,경남 남해,127.8924,34.8376,0.142222
2022-12-02,13:43:00,2022-12-02 13:43,14:40:00,2022-12-02 14:40,경남 함양 호산,건축물화재비화,0.01,경남 함양,127.7274194,35.51746944,0.612157
2022-11-12,10:43:00,2022-11-12 10:43,14:00:00,2022-11-12 14:00,경남 의령 산북,쓰레기소각,0.4,경남 의령,128.2638222,35.31911944,0.503636
2022-11-10,22:16:00,2022-11-10 22:16,23:50:00,2022-11-10 23:50,경남 의령 청계,입산자실화,0.2,경남 의령,128.2638222,35.31911944,0.503636
2022-11-07,14:03:00,2022-11-07 14:03,14:50:00,2022-11-07 14:50,경남 고성 도전,건축물화재비화,0.01,경남 고성,128.3245417,34.9699,0.121765
2022-11-07,13:18:00,2022-11-07 13:18,14:30:00,2022-11-07 14:30,경남 진주 운천,농산부산물소각,0.1,경남 진주,128.11,35.17703333,0.096875
2022-11-06,12:50:00,2022-11-06 12:50,18:00:00,2022-11-06 18:00,경남 거제 가베,입산자실화,0.2,경남 거제,128.6233556,34.87735833,0.062222
2022-11-03,9:40:00,2022-11-03 9:40,10:10:00,2022-11-03 10:10,경남 산청 양전,농산부산물소각,0.01,경남 산청,127.8756194,35.41249167,0.393421
2022-11-02,18:38:00,2022-11-02 18:38,19:34:00,2022-11-02 19:34,경남 함양 손곡,기타,0.01,경남 함양,127.7274194,35.51746944,0.612157
2022-10-27,12:54:00,2022-10-27 12:54,14:52:00,2022-10-27 14:52,경남 진주 주악,기타,0.1,경남 진주,128.11,35.17703333,0.096875
2022-10-26,10:39:00,2022-10-26 10:39,11:15:00,2022-10-26 11:15,경남 합천 먹촌,농산부산물소각,0.01,경남 합천,128.1679306,35.56361667,21.828
2022-10-25,14:14:00,2022-10-25 14:14,17:00:00,2022-10-25 17:00,경남 거제 구명,입산자실화,0.01,경남 거제,128.6233556,34.87735833,0.062222
2022-10-25,7:57:00,2022-10-25 7:57,10:00:00,2022-10-25 10:00,경남 진주 주악,기타,0.01,경남 진주,128.11,35.17703333,0.096875
2022-10-21,3:14:00,2022-10-21 3:14,6:30:00,2022-10-21 6:30,경남 창녕 송현,입산자실화,0.1,경남 창녕,128.4945333,35.54153611,0.652
2022-10-20,11:26:00,2022-10-20 11:26,13:20:00,2022-10-20 13:20,경남 양산 소석,기타,0.05,경남 양산,129.0394111,35.33192778,0.313824
2022-10-16,15:48:00,2022-10-16 15:48,18:30:00,2022-10-16 18:30,경남 양산 삼호,입산자실화,0.1,경남 양산,129.0394111,35.33192778,0.313824
2022-09-27,14:52:00,2022-09-27 14:52,17:30:00,2022-09-27 17:30,경남 산청 범학,입산자실화,0.01,경남 산청,127.8756194,35.41249167,0.393421
2022-05-31,9:29:00,2022-05-31 9:29,13:30:00,2022-05-31 13:30,경남 밀양 춘화,기타,763,경남 밀양,128.7489444,35.50077778,28.37519
2022-05-29,22:25:00,2022-05-29 22:25,0:00:00,2022-05-29 0:00,경남 거제 덕곡,기타,0.2,경남 거제,128.6233556,34.87735833,0.062222
2022-05-29,15:16:00,2022-05-29 15:16,18:40:00,2022-05-29 18:40,경남 산청 왕촌,입산자실화,0.01,경남 산청,127.8756194,35.41249167,0.393421
2022-05-29,12:34:00,2022-05-29 12:34,15:43:00,2022-05-29 15:43,경남 사천 다평,입산자실화,0.1,경남 사천,128.0667778,35.00028333,0.08
2022-05-28,18:36:00,2022-05-28 18:36,20:01:00,2022-05-28 20:01,경남 함양 남효,담뱃불실화,0.15,경남 함양,127.7274194,35.51746944,0.612157
2022-05-27,12:50:00,2022-05-27 12:50,15:30:00,2022-05-27 15:30,경남 함양 추성,건축물화재비화,0.1,경남 함양,127.7274194,35.51746944,0.612157
2022-05-27,12:41:00,2022-05-27 12:41,14:30:00,2022-05-27 14:30,경남 사천 반용,담뱃불실화,0.06,경남 사천,128.0667778,35.00028333,0.08
2022-05-27,10:40:00,2022-05-27 10:40,14:30:00,2022-05-27 14:30,경남 창녕 반포,건축물화재비화,0.1,경남 창녕,128.4945333,35.54153611,0.652
2022-05-26,19:34:00,2022-05-26 19:34,14:11:00,2022-05-26 14:11,경남 김해 좌곤,입산자실화,2.8,경남 김해,128.8916667,35.22550556,0.324
2022-05-26,5:23:00,2022-05-26 5:23,10:00:00,2022-05-26 10:00,경남 밀양 삼양,기타,0.3,경남 밀양,128.7489444,35.50077778,28.37519
2022-05-23,18:28:00,2022-05-23 18:28,19:15:00,2022-05-23 19:15,경남 함양 손곡,기타,0.01,경남 함양,127.7274194,35.51746944,0.612157
2022-05-22,18:28:00,2022-05-22 18:28,0:00:00,2022-05-22 0:00,경남 김해 구산,입산자실화,1,경남 김해,128.8916667,35.22550556,0.324
2022-05-21,15:49:00,2022-05-21 15:49,17:30:00,2022-05-21 17:30,경남 밀양 삼양,기타,0.09,경남 밀양,128.7489444,35.50077778,28.37519
2022-05-21,15:19:00,2022-05-21 15:19,18:50:00,2022-05-21 18:50,경남 하동 술상,기타,0.01,경남 하동,127.7534306,35.06420278,5.1535
2022-05-20,22:17:00,2022-05-20 22:17,22:50:00,2022-05-20 22:50,경남 창녕 여초,담뱃불실화,0.01,경남 창녕,128.4945333,35.54153611,0.652
2022-05-19,18:24:00,2022-05-19 18:24,23:58:00,2022-05-19 23:58,경남 의령 죽전,기타,3,경남 의령,128.2638222,35.31911944,0.503636
2022-05-17,18:39:00,2022-05-17 18:39,19:30:00,2022-05-17 19:30,경남 양산 대석,담뱃불실화,0.01,경남 양산,129.0394111,35.33192778,0.313824
2022-05-15,18:03:00,2022-05-15 18:03,19:07:00,2022-05-15 19:07,경남 진주 정수,입산자실화,0.05,경남 진주,128.11,35.17703333,0.096875
2022-05-05,5:11:00,2022-05-05 5:11,6:40:00,2022-05-05 6:40,경남 합천 오도,기타,0.1,경남 합천,128.1679306,35.56361667,21.828
2022-04-24,18:37:00,2022-04-24 18:37,20:25:00,2022-04-24 20:25,경남 산청 자양,입산자실화,0.01,경남 산청,127.8756194,35.41249167,0.393421
2022-04-20,14:35:00,2022-04-20 14:35,16:00:00,2022-04-20 16:00,경남 창녕 감,담뱃불실화,0.1,경남 창녕,128.4945333,35.54153611,0.652
2022-04-19,11:31:00,2022-04-19 11:31,12:33:00,2022-04-19 12:33,경남 산청 장천,입산자실화,0.01,경남 산청,127.8756194,35.41249167,0.393421
2022-04-18,14:10:00,2022-04-18 14:10,15:30:00,2022-04-18 15:30,경남 하동 관곡,입산자실화,0.2,경남 하동,127.7534306,35.06420278,5.1535
2022-04-10,21:46:00,2022-04-10 21:46,9:00:00,2022-04-10 9:00,경남 양산 영담,입산자실화,0.8,경남 양산,129.0394111,35.33192778,0.313824
2022-04-10,14:02:00,2022-04-10 14:02,14:50:00,2022-04-10 14:50,경남 거창 성기,건축물화재비화,0.01,경남 거창,127.9116556,35.683625,0.115455
2022-04-10,7:52:00,2022-04-10 7:52,10:33:00,2022-04-10 10:33,경남 산청 장천,기타,0.3,경남 산청,127.8756194,35.41249167,0.393421
2022-04-09,13:03:00,2022-04-09 13:03,15:10:00,2022-04-09 15:10,경남 하동 월평,건축물화재비화,0.3,경남 하동,127.7534306,35.06420278,5.1535
2022-04-06,19:10:00,2022-04-06 19:10,20:51:00,2022-04-06 20:51,경남 밀양 정곡,건축물화재비화,0.09,경남 밀양,128.7489444,35.50077778,28.37519
2022-04-06,14:00:00,2022-04-06 14:00,14:45:00,2022-04-06 14:45,경남 함양 목현,입산자실화,0.01,경남 함양,127.7274194,35.51746944,0.612157
2022-01-31,12:49:00,2022-01-31 12:49,15:30:00,2022-01-31 15:30,경남 사천 초량,기타,0.01,경남 사천,128.0667778,35.00028333,0.08
2022-01-28,13:55:00,2022-01-28 13:55,17:22:00,2022-01-28 17:22,경남 함양 호산,건축물화재비화,0.7,경남 함양,127.7274194,35.51746944,0.612157
2022-01-24,19:55:00,2022-01-24 19:55,22:00:00,2022-01-24 22:00,경남 양산 지산,쓰레기소각,0.02,경남 양산,129.0394111,35.33192778,0.313824
2022-01-23,14:33:00,2022-01-23 14:33,15:37:00,2022-01-23 15:37,경남 창녕 옥천,쓰레기소각,0.03,경남 창녕,128.4945333,35.54153611,0.652
2022-01-19,8:52:00,2022-01-19 8:52,10:11:00,2022-01-19 10:11,경남 함안 내곡,쓰레기소각,0.19,경남 함안,128.4087083,35.26940556,0.351538
2022-01-15,12:53:00,2022-01-15 12:53,13:27:00,2022-01-15 13:27,경남 합천 도신,입산자실화,0.02,경남 합천,128.1679306,35.56361667,21.828
2022-01-10,22:26:00,2022-01-10 22:26,17:45:00,2022-01-10 17:45,경남 창녕 대산,입산자실화,5.5,경남 창녕,128.4945333,35.54153611,0.652
2022-01-10,13:50:00,2022-01-10 13:50,15:26:00,2022-01-10 15:26,경남 밀양 덕곡,입산자실화,0.03,경남 밀양,128.7489444,35.50077778,28.37519
2022-01-09,13:05:00,2022-01-09 13:05,14:20:00,2022-01-09 14:20,경남 함양 호산,기타,0.5,경남 함양,127.7274194,35.51746944,0.612157
2022-01-09,11:19:00,2022-01-09 11:19,12:50:00,2022-01-09 12:50,경남 양산 신전,입산자실화,0.04,경남 양산,129.0394111,35.33192778,0.313824
2022-01-08,20:45:00,2022-01-08 20:45,22:10:00,2022-01-08 22:10,경남 고성 적정,입산자실화,0.1,경남 고성,128.3245417,34.9699,0.121765
2022-01-07,23:23:00,2022-01-07 23:23,2:55:00,2022-01-07 2:55,경남 하동 직전,입산자실화,0.1,경남 하동,127.7534306,35.06420278,5.1535
2022-01-06,18:04:00,2022-01-06 18:04,18:53:00,2022-01-06 18:53,경남 함안 장암,쓰레기소각,0.01,경남 함안,128.4087083,35.26940556,0.351538
2022-01-04,18:52:00,2022-01-04 18:52,19:45:00,2022-01-04 19:45,경남 거창 석강,농산부산물소각,0.01,경남 거창,127.9116556,35.683625,0.115455
2023-03-29,13:22:00,2023-03-29 13:22,17:00:00,2023-03-29 17:00,경남 거제 대곡,입산자실화,0.5,경남 거제,128.6233556,34.87735833,0.062222
2023-03-31,15:17:00,2023-03-31 15:17,17:20:00,2023-03-31 17:20,경남 함양 당본,건축물화재비화,0.1,경남 함양,127.7274194,35.51746944,0.612157
2023-03-06,15:23:00,2023-03-06 15:23,18:00:00,2023-03-06 18:00,경남 밀양 활성,기타,0.2,경남 밀양,128.7489444,35.50077778,28.37519
2023-03-06,9:56:00,2023-03-06 9:56,11:30:00,2023-03-06 11:30,경남 합천 치인,입산자실화,0.02,경남 합천,128.1679306,35.56361667,21.828
2023-03-05,12:46:00,2023-03-05 12:46,14:44:00,2023-03-05 14:44,경남 창녕 주매,입산자실화,0.05,경남 창녕,128.4945333,35.54153611,0.652
2023-03-13,6:59:00,2023-03-13 6:59,8:15:00,2023-03-13 8:15,경남 거제 오량,기타,0.01,경남 거제,128.6233556,34.87735833,0.062222
2023-03-02,21:48:00,2023-03-02 21:48,23:55:00,2023-03-02 23:55,경남 하동 지례,입산자실화,0.1,경남 하동,127.7534306,35.06420278,5.1535
2023-03-11,22:32:00,2023-03-11 22:32,14:00:00,2023-03-11 14:00,경남 양산 선,건축물화재비화,2.96,경남 양산,129.0394111,35.33192778,0.313824
2023-03-11,13:24:00,2023-03-11 13:24,16:13:00,2023-03-11 16:13,경남 하동 범왕,입산자실화,91,경남 하동,127.7534306,35.06420278,5.1535
2024-03-09,13:00:00,2024-03-09 13:00,13:40:00,2024-03-09 13:40,경남 사천 석계,기타,0.01,경남 사천,128.0667778,35.00028333,0.08
2023-03-30,13:25:00,2023-03-30 13:25,16:30:00,2023-03-30 16:30,경남 거창 군암,기타,0.05,경남 거창,127.9116556,35.683625,0.115455
2023-03-28,14:50:00,2023-03-28 14:50,16:00:00,2023-03-28 16:00,경남 합천 성산,입산자실화,0.01,경남 합천,128.1679306,35.56361667,21.828
2023-03-16,19:13:00,2023-03-16 19:13,23:50:00,2023-03-16 23:50,경남 진주 덕곡,입산자실화,0.5,경남 진주,128.11,35.17703333,0.096875
2023-03-16,11:29:00,2023-03-16 11:29,16:23:00,2023-03-16 16:23,경남 밀양 옹동,기타,0.2,경남 밀양,128.7489444,35.50077778,28.37519
2023-02-25,23:26:00,2023-02-25 23:26,1:00:00,2023-02-25 1:00,경남 함양 난평,입산자실화,0.1,경남 함양,127.7274194,35.51746944,0.612157
2023-02-25,14:26:00,2023-02-25 14:26,17:00:00,2023-02-25 17:00,경남 진주 유곡,농산부산물소각,0.5,경남 진주,128.11,35.17703333,0.096875
2023-02-25,12:40:00,2023-02-25 12:40,14:30:00,2023-02-25 14:30,경남 거창 갈계,쓰레기소각,0.05,경남 거창,127.9116556,35.683625,0.115455
2023-02-07,14:20:00,2023-02-07 14:20,18:00:00,2023-02-07 18:00,경남 거창 우혜,건축물화재비화,0.02,경남 거창,127.9116556,35.683625,0.115455
2023-02-06,22:16:00,2023-02-06 22:16,1:30:00,2023-02-06 1:30,경남 합천 양지,기타,0.3,경남 합천,128.1679306,35.56361667,21.828
2023-03-08,14:10:00,2023-03-08 14:10,9:15:00,2023-03-08 9:15,경남 합천 월평,입산자실화,163,경남 합천,128.1679306,35.56361667,21.828
2023-03-07,15:47:00,2023-03-07 15:47,19:00:00,2023-03-07 19:00,경남 산청 장박,쓰레기소각,1,경남 산청,127.8756194,35.41249167,0.393421
2024-03-22,15:44:00,2024-03-22 15:44,20:00:00,2024-03-22 20:00,경남 합천 와,건축물화재비화,1.5,경남 합천,128.1679306,35.56361667,21.828
2024-03-13,18:01:00,2024-03-13 18:01,19:45:00,2024-03-13 19:45,경남 창녕 우강,농산부산물소각,0.2,경남 창녕,128.4945333,35.54153611,0.652
2024-03-13,13:57:00,2024-03-13 13:57,14:31:00,2024-03-13 14:31,경남 산청 석남,기타,0.02,경남 산청,127.8756194,35.41249167,0.393421
2024-02-12,13:30:00,2024-02-12 13:30,16:25:00,2024-02-12 16:25,경남 진주 사곡,기타,0.3,경남 진주,128.11,35.17703333,0.096875
2023-03-21,14:05:00,2023-03-21 14:05,16:10:00,2023-03-21 16:10,경남 의령 죽전,기타,0.1,경남 의령,128.2638222,35.31911944,0.503636
2023-03-21,12:55:00,2023-03-21 12:55,16:10:00,2023-03-21 16:10,경남 산청 제보,기타,2,경남 산청,127.8756194,35.41249167,0.393421
2023-03-19,14:54:00,2023-03-19 14:54,17:30:00,2023-03-19 17:30,경남 남해 가인,농산부산물소각,0.3,경남 남해,127.8924,34.8376,0.142222
2022-02-18,15:06:00,2022-02-18 15:06,17:13:00,2022-02-18 17:13,경남 양산 평산,건축물화재비화,0.09,경남 양산,129.0394111,35.33192778,0.313824
2022-02-15,13:35:00,2022-02-15 13:35,16:10:00,2022-02-15 16:10,경남 진주 계원,쓰레기소각,0.5,경남 진주,128.11,35.17703333,0.096875
2022-02-14,16:07:00,2022-02-14 16:07,18:00:00,2022-02-14 18:00,경남 산청 원,쓰레기소각,0.5,경남 산청,127.8756194,35.41249167,0.393421
2022-02-12,15:15:00,2022-02-12 15:15,17:30:00,2022-02-12 17:30,경남 김해 삼문,입산자실화,0.05,경남 김해,128.8916667,35.22550556,0.324
2022-02-11,14:58:00,2022-02-11 14:58,16:30:00,2022-02-11 16:30,경남 밀양 검암,쓰레기소각,0.06,경남 밀양,128.7489444,35.50077778,28.37519
2022-02-06,13:13:00,2022-02-06 13:13,15:30:00,2022-02-06 15:30,경남 통영 미남,건축물화재비화,0.5,경남 통영,128.4352778,34.85125833,0.075455
2022-02-05,12:15:00,2022-02-05 12:15,18:00:00,2022-02-05 18:00,경남 의령 손오,기타,1,경남 의령,128.2638222,35.31911944,0.503636
2020-04-02,17:12:00,2020-04-02 17:12,18:05:00,2020-04-02 18:05,경남 창원 여양,농산부산물소각,0.04,창원시 마산합포구,128.6401544,35.2540033,0.2295
2020-03-23,17:21:00,2020-03-23 17:21,18:00:00,2020-03-23 18:00,경남 창원 망곡,입산자실화,0.01,창원시 마산합포구,128.6401544,35.2540033,0.2295
2021-01-31,14:44:00,2021-01-31 14:44,15:40:00,2021-01-31 15:40,경남 창원 토월,담뱃불실화,0.01,창원시 성산구,128.6401544,35.2540033,0.2295
2020-12-18,15:43:00,2020-12-18 15:43,17:20:00,2020-12-18 17:20,경남 창원 마산회원 회원,입산자실화,0.03,창원시 마산회원구,128.6401544,35.2540033,0.2295
2020-11-26,12:35:00,2020-11-26 12:35,13:40:00,2020-11-26 13:40,경남 창원 마산회원 삼계,농산부산물소각,0.06,창원시 마산회원구,128.6401544,35.2540033,0.2295
2020-11-13,5:30:00,2020-11-13 5:30,11:00:00,2020-11-13 11:00,경남 창원 마산합포 교방,입산자실화,0.3,창원시 마산합포구,128.6401544,35.2540033,0.2295
2020-11-08,14:25:00,2020-11-08 14:25,16:20:00,2020-11-08 16:20,경남 창원 마산합포 창포,입산자실화,0.05,창원시 마산합포구,128.6401544,35.2540033,0.2295
2020-06-02,12:04:00,2020-06-02 12:04,15:00:00,2020-06-02 15:00,경남 창원 여양,농산부산물소각,0.05,창원시 마산합포구,128.6401544,35.2540033,0.2295
2020-03-06,14:00:00,2020-03-06 14:00,15:43:00,2020-03-06 15:43,경남 창원 마산합포 양촌리,기타,0.66,창원시 마산합포구,128.6401544,35.2540033,0.2295
2020-02-21,12:44:00,2020-02-21 12:44,16:00:00,2020-02-21 16:00,경남 창원 퇴촌,담뱃불실화,0.02,창원시 의창구,128.6401544,35.2540033,0.2295
2019-11-23,18:16:00,2019-11-23 18:16,21:30:00,2019-11-23 21:30,경남 창원 진해 안곡,기타,0.15,창원시 진해구,128.6401544,35.2540033,0.2295
2019-10-26,10:47:00,2019-10-26 10:47,11:47:00,2019-10-26 11:47,경남 창원 마산합포 수정,입산자실화,0.01,창원시 마산합포구,128.6401544,35.2540033,0.2295
2020-03-20,21:52:00,2020-03-20 21:52,22:18:00,2020-03-20 22:18,경남 창원 합성,입산자실화,0.01,창원시 마산회원구,128.6401544,35.2540033,0.2295
2018-11-27,23:37:00,2018-11-27 23:37,5:00:00,2018-11-27 5:00,경남 창원 마산합포 구복,입산자실화,0.4,창원시 마산합포구,128.6401544,35.2540033,0.2295
2019-04-07,13:53:00,2019-04-07 13:53,14:35:00,2019-04-07 14:35,경남 창원 진해 태백,입산자실화,0.01,창원시 진해구,128.6401544,35.2540033,0.2295
2019-03-13,16:49:00,2019-03-13 16:49,17:40:00,2019-03-13 17:40,경남 창원 의창 용잠,기타,0.01,창원시 의창구,128.6401544,35.2540033,0.2295
2019-03-02,14:29:00,2019-03-02 14:29,17:00:00,2019-03-02 17:00,경남 창원 마산합포 덕동,기타,0.15,창원시 마산합포구,128.6401544,35.2540033,0.2295
2019-02-11,11:52:00,2019-02-11 11:52,13:00:00,2019-02-11 13:00,경남 창원 마산합포 난포,기타,0.03,창원시 마산합포구,128.6401544,35.2540033,0.2295
2019-01-27,13:45:00,2019-01-27 13:45,15:30:00,2019-01-27 15:30,경남 창원 마산합포 다구,기타,0.01,창원시 마산합포구,128.6401544,35.2540033,0.2295
2019-01-25,15:58:00,2019-01-25 15:58,17:30:00,2019-01-25 17:30,경남 창원 마산합포 심,기타,0.03,창원시 마산합포구,128.6401544,35.2540033,0.2295
2018-03-03,12:22:00,2018-03-03 12:22,15:00:00,2018-03-03 15:00,경남 창원 의창 월촌,기타,0.01,창원시 의창구,128.6401544,35.2540033,0.2295
2018-02-18,17:48:00,2018-02-18 17:48,0:00:00,2018-02-18 0:00,경남 창원 진해 태백,입산자실화,0.15,창원시 진해구,128.6401544,35.2540033,0.2295
2018-02-18,10:30:00,2018-02-18 10:30,12:40:00,2018-02-18 12:40,경남 창원 의창 신촌,입산자실화,0.15,창원시 의창구,128.6401544,35.2540033,0.2295
2018-02-13,16:03:00,2018-02-13 16:03,18:30:00,2018-02-13 18:30,경남 창원 의창 우암,건축물화재비화,0.03,창원시 의창구,128.6401544,35.2540033,0.2295
2018-02-12,15:05:00,2018-02-12 15:05,16:10:00,2018-02-12 16:10,경남 창원 성산 귀산,입산자실화,0.03,창원시 성산구,128.6401544,35.2540033,0.2295
2018-02-06,14:26:00,2018-02-06 14:26,15:20:00,2018-02-06 15:20,경남 창원 의창 외산,담뱃불실화,0.01,창원시 의창구,128.6401544,35.2540033,0.2295
2018-02-03,12:45:00,2018-02-03 12:45,13:30:00,2018-02-03 13:30,경남 창원 성산 양곡,담뱃불실화,0.01,창원시 성산구,128.6401544,35.2540033,0.2295
2018-01-28,13:51:00,2018-01-28 13:51,20:00:00,2018-01-28 20:00,경남 창원 마산합포 추곡,입산자실화,1,창원시 마산합포구,128.6401544,35.2540033,0.2295
2018-01-25,14:58:00,2018-01-25 14:58,15:30:00,2018-01-25 15:30,경남 창원 의창 소계,입산자실화,0.01,창원시 의창구,128.6401544,35.2540033,0.2295
2017-12-28,5:08:00,2017-12-28 5:08,9:00:00,2017-12-28 9:00,경남 창원 마산합포 난포,입산자실화,0.04,창원시 마산합포구,128.6401544,35.2540033,0.2295
2017-12-01,15:35:00,2017-12-01 15:35,16:20:00,2017-12-01 16:20,경남 창원 의창 하천,입산자실화,0.02,창원시 의창구,128.6401544,35.2540033,0.2295
2024-01-07,21:17:00,2024-01-07 21:17,3:30:00,2024-01-07 3:30,경남 창원 자산,입산자실화,0.1,창원시 마산합포구,128.6401544,35.2540033,0.2295
2023-04-22,22:30:00,2023-04-22 22:30,1:50:00,2023-04-22 1:50,경남 창원 마산합포 수정,건축물화재비화,0.45,창원시 마산합포구,128.6401544,35.2540033,0.2295
2023-02-15,4:01:00,2023-02-15 4:01,4:50:00,2023-02-15 4:50,경남 창원 지귀,입산자실화,0.03,창원시 마산합포구,128.6401544,35.2540033,0.2295
2023-01-22,11:07:00,2023-01-22 11:07,11:27:00,2023-01-22 11:27,경남 창원 양곡,기타,0.01,창원시 성산구,128.6401544,35.2540033,0.2295
2022-03-28,10:20:00,2022-03-28 10:20,10:47:00,2022-03-28 10:47,경남 창원 마산합포 석곡,입산자실화,0.02,창원시 마산합포구,128.6401544,35.2540033,0.2295
2022-03-03,12:39:00,2022-03-03 12:39,14:15:00,2022-03-03 14:15,경남 창원 의창 소담,입산자실화,0.3,창원시 의창구,128.6401544,35.2540033,0.2295
2022-02-24,21:04:00,2022-02-24 21:04,7:54:00,2022-02-24 7:54,경남 창원 마산합포 근곡,기타,4.8,창원시 마산합포구,128.6401544,35.2540033,0.2295
2022-05-26,13:27:00,2022-05-26 13:27,16:20:00,2022-05-26 16:20,경남 창원 마산합포 시락,농산부산물소각,0.03,창원시 마산합포구,128.6401544,35.2540033,0.2295
2022-04-20,21:17:00,2022-04-20 21:17,1:19:00,2022-04-20 1:19,경남 창원 죽곡,입산자실화,0.33,창원시 진해구,128.6401544,35.2540033,0.2295
2022-04-08,10:07:00,2022-04-08 10:07,11:07:00,2022-04-08 11:07,경남 창원 봉림,입산자실화,0.05,창원시 의창구,128.6401544,35.2540033,0.2295
2022-01-28,12:24:00,2022-01-28 12:24,15:35:00,2022-01-28 15:35,경남 창원 의창 대산,기타,0.15,창원시 의창구,128.6401544,35.2540033,0.2295
2022-01-06,16:08:00,2022-01-06 16:08,17:50:00,2022-01-06 17:50,경남 창원 마산합포 심,건축물화재비화,0.01,창원시 마산합포구,128.6401544,35.2540033,0.2295
2022-02-15,12:26:00,2022-02-15 12:26,14:00:00,2022-02-15 14:00,경남 창원 마산회원 합성,담뱃불실화,0.32,창원시 마산합포구,128.6401544,35.2540033,0.2295
